[
  {
    "name": "order",
    "type": "document",
    "attributes": {
      "_id": {
        "type": "objectAttribute",
        "value": {
          "type": "string"
        }
      },
      "_type": {
        "type": "objectAttribute",
        "value": {
          "type": "string",
          "value": "order"
        }
      },
      "_createdAt": {
        "type": "objectAttribute",
        "value": {
          "type": "string"
        }
      },
      "_updatedAt": {
        "type": "objectAttribute",
        "value": {
          "type": "string"
        }
      },
      "_rev": {
        "type": "objectAttribute",
        "value": {
          "type": "string"
        }
      },
      "orderNumber": {
        "type": "objectAttribute",
        "value": {
          "type": "string"
        },
        "optional": true
      },
      "invoice": {
        "type": "objectAttribute",
        "value": {
          "type": "object",
          "attributes": {
            "id": {
              "type": "objectAttribute",
              "value": {
                "type": "string"
              },
              "optional": true
            },
            "number": {
              "type": "objectAttribute",
              "value": {
                "type": "string"
              },
              "optional": true
            },
            "hosted_invoice_url": {
              "type": "objectAttribute",
              "value": {
                "type": "string"
              },
              "optional": true
            }
          }
        },
        "optional": true
      },
      "stripeCheckoutSessionId": {
        "type": "objectAttribute",
        "value": {
          "type": "string"
        },
        "optional": true
      },
      "stripeCustomerId": {
        "type": "objectAttribute",
        "value": {
          "type": "string"
        },
        "optional": true
      },
      "clerkUserId": {
        "type": "objectAttribute",
        "value": {
          "type": "string"
        },
        "optional": true
      },
      "customerName": {
        "type": "objectAttribute",
        "value": {
          "type": "string"
        },
        "optional": true
      },
      "email": {
        "type": "objectAttribute",
        "value": {
          "type": "string"
        },
        "optional": true
      },
      "stripePaymentIntentId": {
        "type": "objectAttribute",
        "value": {
          "type": "string"
        },
        "optional": true
      },
      "products": {
        "type": "objectAttribute",
        "value": {
          "type": "array",
          "of": {
            "type": "object",
            "attributes": {
              "product": {
                "type": "objectAttribute",
                "value": {
                  "type": "object",
                  "attributes": {
                    "_ref": {
                      "type": "objectAttribute",
                      "value": {
                        "type": "string"
                      }
                    },
                    "_type": {
                      "type": "objectAttribute",
                      "value": {
                        "type": "string",
                        "value": "reference"
                      }
                    },
                    "_weak": {
                      "type": "objectAttribute",
                      "value": {
                        "type": "boolean"
                      },
                      "optional": true
                    }
                  },
                  "dereferencesTo": "product"
                },
                "optional": true
              },
              "quantity": {
                "type": "objectAttribute",
                "value": {
                  "type": "number"
                },
                "optional": true
              }
            },
            "rest": {
              "type": "object",
              "attributes": {
                "_key": {
                  "type": "objectAttribute",
                  "value": {
                    "type": "string"
                  }
                }
              }
            }
          }
        },
        "optional": true
      },
      "totalPrice": {
        "type": "objectAttribute",
        "value": {
          "type": "number"
        },
        "optional": true
      },
      "currency": {
        "type": "objectAttribute",
        "value": {
          "type": "string"
        },
        "optional": true
      },
      "amountDiscount": {
        "type": "objectAttribute",
        "value": {
          "type": "number"
        },
        "optional": true
      },
      "address": {
        "type": "objectAttribute",
        "value": {
          "type": "object",
          "attributes": {
            "state": {
              "type": "objectAttribute",
              "value": {
                "type": "string"
              },
              "optional": true
            },
            "zip": {
              "type": "objectAttribute",
              "value": {
                "type": "string"
              },
              "optional": true
            },
            "city": {
              "type": "objectAttribute",
              "value": {
                "type": "string"
              },
              "optional": true
            },
            "address": {
              "type": "objectAttribute",
              "value": {
                "type": "string"
              },
              "optional": true
            },
            "name": {
              "type": "objectAttribute",
              "value": {
                "type": "string"
              },
              "optional": true
            }
          }
        },
        "optional": true
      },
      "status": {
        "type": "objectAttribute",
        "value": {
          "type": "union",
          "of": [
            {
              "type": "string",
              "value": "pending"
            },
            {
              "type": "string",
              "value": "processing"
            },
            {
              "type": "string",
              "value": "paid"
            },
            {
              "type": "string",
              "value": "shipped"
            },
            {
              "type": "string",
              "value": "out_for_delivery"
            },
            {
              "type": "string",
              "value": "delivered"
            },
            {
              "type": "string",
              "value": "cancelled"
            }
          ]
        },
        "optional": true
      },
      "orderDate": {
        "type": "objectAttribute",
        "value": {
          "type": "string"
        },
        "optional": true
      }
    }
  },
  {
    "name": "product",
    "type": "document",
    "attributes": {
      "_id": {
        "type": "objectAttribute",
        "value": {
          "type": "string"
        }
      },
      "_type": {
        "type": "objectAttribute",
        "value": {
          "type": "string",
          "value": "product"
        }
      },
      "_createdAt": {
        "type": "objectAttribute",
        "value": {
          "type": "string"
        }
      },
      "_updatedAt": {
        "type": "objectAttribute",
        "value": {
          "type": "string"
        }
      },
      "_rev": {
        "type": "objectAttribute",
        "value": {
          "type": "string"
        }
      },
      "name": {
        "type": "objectAttribute",
        "value": {
          "type": "string"
        },
        "optional": true
      },
      "slug": {
        "type": "objectAttribute",
        "value": {
          "type": "inline",
          "name": "slug"
        },
        "optional": true
      },
      "images": {
        "type": "objectAttribute",
        "value": {
          "type": "array",
          "of": {
            "type": "object",
            "attributes": {
              "asset": {
                "type": "objectAttribute",
                "value": {
                  "type": "object",
                  "attributes": {
                    "_ref": {
                      "type": "objectAttribute",
                      "value": {
                        "type": "string"
                      }
                    },
                    "_type": {
                      "type": "objectAttribute",
                      "value": {
                        "type": "string",
                        "value": "reference"
                      }
                    },
                    "_weak": {
                      "type": "objectAttribute",
                      "value": {
                        "type": "boolean"
                      },
                      "optional": true
                    }
                  },
                  "dereferencesTo": "sanity.imageAsset"
                },
                "optional": true
              },
              "media": {
                "type": "objectAttribute",
                "value": {
                  "type": "unknown"
                },
                "optional": true
              },
              "hotspot": {
                "type": "objectAttribute",
                "value": {
                  "type": "inline",
                  "name": "sanity.imageHotspot"
                },
                "optional": true
              },
              "crop": {
                "type": "objectAttribute",
                "value": {
                  "type": "inline",
                  "name": "sanity.imageCrop"
                },
                "optional": true
              },
              "_type": {
                "type": "objectAttribute",
                "value": {
                  "type": "string",
                  "value": "image"
                }
              }
            },
            "rest": {
              "type": "object",
              "attributes": {
                "_key": {
                  "type": "objectAttribute",
                  "value": {
                    "type": "string"
                  }
                }
              }
            }
          }
        },
        "optional": true
      },
      "description": {
        "type": "objectAttribute",
        "value": {
          "type": "string"
        },
        "optional": true
      },
      "price": {
        "type": "objectAttribute",
        "value": {
          "type": "number"
        },
        "optional": true
      },
      "discount": {
        "type": "objectAttribute",
        "value": {
          "type": "number"
        },
        "optional": true
      },
      "categories": {
        "type": "objectAttribute",
        "value": {
          "type": "array",
          "of": {
            "type": "object",
            "attributes": {
              "_ref": {
                "type": "objectAttribute",
                "value": {
                  "type": "string"
                }
              },
              "_type": {
                "type": "objectAttribute",
                "value": {
                  "type": "string",
                  "value": "reference"
                }
              },
              "_weak": {
                "type": "objectAttribute",
                "value": {
                  "type": "boolean"
                },
                "optional": true
              }
            },
            "dereferencesTo": "category",
            "rest": {
              "type": "object",
              "attributes": {
                "_key": {
                  "type": "objectAttribute",
                  "value": {
                    "type": "string"
                  }
                }
              }
            }
          }
        },
        "optional": true
      },
      "stock": {
        "type": "objectAttribute",
        "value": {
          "type": "number"
        },
        "optional": true
      },
      "brand": {
        "type": "objectAttribute",
        "value": {
          "type": "object",
          "attributes": {
            "_ref": {
              "type": "objectAttribute",
              "value": {
                "type": "string"
              }
            },
            "_type": {
              "type": "objectAttribute",
              "value": {
                "type": "string",
                "value": "reference"
              }
            },
            "_weak": {
              "type": "objectAttribute",
              "value": {
                "type": "boolean"
              },
              "optional": true
            }
          },
          "dereferencesTo": "brand"
        },
        "optional": true
      },
      "status": {
        "type": "objectAttribute",
        "value": {
          "type": "union",
          "of": [
            {
              "type": "string",
              "value": "new"
            },
            {
              "type": "string",
              "value": "hot"
            },
            {
              "type": "string",
              "value": "sale"
            }
          ]
        },
        "optional": true
      },
      "variant": {
        "type": "objectAttribute",
        "value": {
          "type": "union",
          "of": [
            {
              "type": "string",
              "value": "gadget"
            },
            {
              "type": "string",
              "value": "appliances"
            },
            {
              "type": "string",
              "value": "refrigerators"
            },
            {
              "type": "string",
              "value": "others"
            }
          ]
        },
        "optional": true
      },
      "isFeatured": {
        "type": "objectAttribute",
        "value": {
          "type": "boolean"
        },
        "optional": true
      }
    }
  },
  {
    "name": "brand",
    "type": "document",
    "attributes": {
      "_id": {
        "type": "objectAttribute",
        "value": {
          "type": "string"
        }
      },
      "_type": {
        "type": "objectAttribute",
        "value": {
          "type": "string",
          "value": "brand"
        }
      },
      "_createdAt": {
        "type": "objectAttribute",
        "value": {
          "type": "string"
        }
      },
      "_updatedAt": {
        "type": "objectAttribute",
        "value": {
          "type": "string"
        }
      },
      "_rev": {
        "type": "objectAttribute",
        "value": {
          "type": "string"
        }
      },
      "title": {
        "type": "objectAttribute",
        "value": {
          "type": "string"
        },
        "optional": true
      },
      "slug": {
        "type": "objectAttribute",
        "value": {
          "type": "inline",
          "name": "slug"
        },
        "optional": true
      },
      "description": {
        "type": "objectAttribute",
        "value": {
          "type": "string"
        },
        "optional": true
      },
      "image": {
        "type": "objectAttribute",
        "value": {
          "type": "object",
          "attributes": {
            "asset": {
              "type": "objectAttribute",
              "value": {
                "type": "object",
                "attributes": {
                  "_ref": {
                    "type": "objectAttribute",
                    "value": {
                      "type": "string"
                    }
                  },
                  "_type": {
                    "type": "objectAttribute",
                    "value": {
                      "type": "string",
                      "value": "reference"
                    }
                  },
                  "_weak": {
                    "type": "objectAttribute",
                    "value": {
                      "type": "boolean"
                    },
                    "optional": true
                  }
                },
                "dereferencesTo": "sanity.imageAsset"
              },
              "optional": true
            },
            "media": {
              "type": "objectAttribute",
              "value": {
                "type": "unknown"
              },
              "optional": true
            },
            "hotspot": {
              "type": "objectAttribute",
              "value": {
                "type": "inline",
                "name": "sanity.imageHotspot"
              },
              "optional": true
            },
            "crop": {
              "type": "objectAttribute",
              "value": {
                "type": "inline",
                "name": "sanity.imageCrop"
              },
              "optional": true
            },
            "_type": {
              "type": "objectAttribute",
              "value": {
                "type": "string",
                "value": "image"
              }
            }
          }
        },
        "optional": true
      }
    }
  },
  {
    "name": "blog",
    "type": "document",
    "attributes": {
      "_id": {
        "type": "objectAttribute",
        "value": {
          "type": "string"
        }
      },
      "_type": {
        "type": "objectAttribute",
        "value": {
          "type": "string",
          "value": "blog"
        }
      },
      "_createdAt": {
        "type": "objectAttribute",
        "value": {
          "type": "string"
        }
      },
      "_updatedAt": {
        "type": "objectAttribute",
        "value": {
          "type": "string"
        }
      },
      "_rev": {
        "type": "objectAttribute",
        "value": {
          "type": "string"
        }
      },
      "title": {
        "type": "objectAttribute",
        "value": {
          "type": "string"
        },
        "optional": true
      },
      "slug": {
        "type": "objectAttribute",
        "value": {
          "type": "inline",
          "name": "slug"
        },
        "optional": true
      },
      "mainImage": {
        "type": "objectAttribute",
        "value": {
          "type": "object",
          "attributes": {
            "asset": {
              "type": "objectAttribute",
              "value": {
                "type": "object",
                "attributes": {
                  "_ref": {
                    "type": "objectAttribute",
                    "value": {
                      "type": "string"
                    }
                  },
                  "_type": {
                    "type": "objectAttribute",
                    "value": {
                      "type": "string",
                      "value": "reference"
                    }
                  },
                  "_weak": {
                    "type": "objectAttribute",
                    "value": {
                      "type": "boolean"
                    },
                    "optional": true
                  }
                },
                "dereferencesTo": "sanity.imageAsset"
              },
              "optional": true
            },
            "media": {
              "type": "objectAttribute",
              "value": {
                "type": "unknown"
              },
              "optional": true
            },
            "hotspot": {
              "type": "objectAttribute",
              "value": {
                "type": "inline",
                "name": "sanity.imageHotspot"
              },
              "optional": true
            },
            "crop": {
              "type": "objectAttribute",
              "value": {
                "type": "inline",
                "name": "sanity.imageCrop"
              },
              "optional": true
            },
            "_type": {
              "type": "objectAttribute",
              "value": {
                "type": "string",
                "value": "image"
              }
            }
          }
        },
        "optional": true
      },
      "blogcategories": {
        "type": "objectAttribute",
        "value": {
          "type": "array",
          "of": {
            "type": "object",
            "attributes": {
              "_ref": {
                "type": "objectAttribute",
                "value": {
                  "type": "string"
                }
              },
              "_type": {
                "type": "objectAttribute",
                "value": {
                  "type": "string",
                  "value": "reference"
                }
              },
              "_weak": {
                "type": "objectAttribute",
                "value": {
                  "type": "boolean"
                },
                "optional": true
              }
            },
            "dereferencesTo": "blogCategory",
            "rest": {
              "type": "object",
              "attributes": {
                "_key": {
                  "type": "objectAttribute",
                  "value": {
                    "type": "string"
                  }
                }
              }
            }
          }
        },
        "optional": true
      },
      "publishedAt": {
        "type": "objectAttribute",
        "value": {
          "type": "string"
        },
        "optional": true
      },
      "isLatest": {
        "type": "objectAttribute",
        "value": {
          "type": "boolean"
        },
        "optional": true
      },
      "body": {
        "type": "objectAttribute",
        "value": {
          "type": "array",
          "of": {
            "type": "union",
            "of": [
              {
                "type": "object",
                "attributes": {
                  "children": {
                    "type": "objectAttribute",
                    "value": {
                      "type": "array",
                      "of": {
                        "type": "object",
                        "attributes": {
                          "marks": {
                            "type": "objectAttribute",
                            "value": {
                              "type": "array",
                              "of": {
                                "type": "string"
                              }
                            },
                            "optional": true
                          },
                          "text": {
                            "type": "objectAttribute",
                            "value": {
                              "type": "string"
                            },
                            "optional": true
                          },
                          "_type": {
                            "type": "objectAttribute",
                            "value": {
                              "type": "string",
                              "value": "span"
                            }
                          }
                        },
                        "rest": {
                          "type": "object",
                          "attributes": {
                            "_key": {
                              "type": "objectAttribute",
                              "value": {
                                "type": "string"
                              }
                            }
                          }
                        }
                      }
                    },
                    "optional": true
                  },
                  "style": {
                    "type": "objectAttribute",
                    "value": {
                      "type": "union",
                      "of": [
                        {
                          "type": "string",
                          "value": "h1"
                        },
                        {
                          "type": "string",
                          "value": "normal"
                        },
                        {
                          "type": "string",
                          "value": "h2"
                        },
                        {
                          "type": "string",
                          "value": "h3"
                        },
                        {
                          "type": "string",
                          "value": "h4"
                        },
                        {
                          "type": "string",
                          "value": "blackquote"
                        }
                      ]
                    },
                    "optional": true
                  },
                  "listItem": {
                    "type": "objectAttribute",
                    "value": {
                      "type": "union",
                      "of": [
                        {
                          "type": "string",
                          "value": "bullet"
                        }
                      ]
                    },
                    "optional": true
                  },
                  "markDefs": {
                    "type": "objectAttribute",
                    "value": {
                      "type": "array",
                      "of": {
                        "type": "object",
                        "attributes": {
                          "href": {
                            "type": "objectAttribute",
                            "value": {
                              "type": "string"
                            },
                            "optional": true
                          },
                          "_type": {
                            "type": "objectAttribute",
                            "value": {
                              "type": "string",
                              "value": "link"
                            }
                          }
                        },
                        "rest": {
                          "type": "object",
                          "attributes": {
                            "_key": {
                              "type": "objectAttribute",
                              "value": {
                                "type": "string"
                              }
                            }
                          }
                        }
                      }
                    },
                    "optional": true
                  },
                  "level": {
                    "type": "objectAttribute",
                    "value": {
                      "type": "number"
                    },
                    "optional": true
                  },
                  "_type": {
                    "type": "objectAttribute",
                    "value": {
                      "type": "string",
                      "value": "block"
                    }
                  }
                },
                "rest": {
                  "type": "object",
                  "attributes": {
                    "_key": {
                      "type": "objectAttribute",
                      "value": {
                        "type": "string"
                      }
                    }
                  }
                }
              },
              {
                "type": "object",
                "attributes": {
                  "asset": {
                    "type": "objectAttribute",
                    "value": {
                      "type": "object",
                      "attributes": {
                        "_ref": {
                          "type": "objectAttribute",
                          "value": {
                            "type": "string"
                          }
                        },
                        "_type": {
                          "type": "objectAttribute",
                          "value": {
                            "type": "string",
                            "value": "reference"
                          }
                        },
                        "_weak": {
                          "type": "objectAttribute",
                          "value": {
                            "type": "boolean"
                          },
                          "optional": true
                        }
                      },
                      "dereferencesTo": "sanity.imageAsset"
                    },
                    "optional": true
                  },
                  "media": {
                    "type": "objectAttribute",
                    "value": {
                      "type": "unknown"
                    },
                    "optional": true
                  },
                  "hotspot": {
                    "type": "objectAttribute",
                    "value": {
                      "type": "inline",
                      "name": "sanity.imageHotspot"
                    },
                    "optional": true
                  },
                  "crop": {
                    "type": "objectAttribute",
                    "value": {
                      "type": "inline",
                      "name": "sanity.imageCrop"
                    },
                    "optional": true
                  },
                  "alt": {
                    "type": "objectAttribute",
                    "value": {
                      "type": "string"
                    },
                    "optional": true
                  },
                  "_type": {
                    "type": "objectAttribute",
                    "value": {
                      "type": "string",
                      "value": "image"
                    }
                  }
                },
                "rest": {
                  "type": "object",
                  "attributes": {
                    "_key": {
                      "type": "objectAttribute",
                      "value": {
                        "type": "string"
                      }
                    }
                  }
                }
              }
            ]
          }
        },
        "optional": true
      }
    }
  },
  {
    "name": "blogCategory",
    "type": "document",
    "attributes": {
      "_id": {
        "type": "objectAttribute",
        "value": {
          "type": "string"
        }
      },
      "_type": {
        "type": "objectAttribute",
        "value": {
          "type": "string",
          "value": "blogCategory"
        }
      },
      "_createdAt": {
        "type": "objectAttribute",
        "value": {
          "type": "string"
        }
      },
      "_updatedAt": {
        "type": "objectAttribute",
        "value": {
          "type": "string"
        }
      },
      "_rev": {
        "type": "objectAttribute",
        "value": {
          "type": "string"
        }
      },
      "title": {
        "type": "objectAttribute",
        "value": {
          "type": "string"
        },
        "optional": true
      },
      "slug": {
        "type": "objectAttribute",
        "value": {
          "type": "inline",
          "name": "slug"
        },
        "optional": true
      },
      "description": {
        "type": "objectAttribute",
        "value": {
          "type": "string"
        },
        "optional": true
      }
    }
  },
  {
    "name": "blockContent",
    "type": "type",
    "value": {
      "type": "array",
      "of": {
        "type": "union",
        "of": [
          {
            "type": "object",
            "attributes": {
              "children": {
                "type": "objectAttribute",
                "value": {
                  "type": "array",
                  "of": {
                    "type": "object",
                    "attributes": {
                      "marks": {
                        "type": "objectAttribute",
                        "value": {
                          "type": "array",
                          "of": {
                            "type": "string"
                          }
                        },
                        "optional": true
                      },
                      "text": {
                        "type": "objectAttribute",
                        "value": {
                          "type": "string"
                        },
                        "optional": true
                      },
                      "_type": {
                        "type": "objectAttribute",
                        "value": {
                          "type": "string",
                          "value": "span"
                        }
                      }
                    },
                    "rest": {
                      "type": "object",
                      "attributes": {
                        "_key": {
                          "type": "objectAttribute",
                          "value": {
                            "type": "string"
                          }
                        }
                      }
                    }
                  }
                },
                "optional": true
              },
              "style": {
                "type": "objectAttribute",
                "value": {
                  "type": "union",
                  "of": [
                    {
                      "type": "string",
                      "value": "h1"
                    },
                    {
                      "type": "string",
                      "value": "normal"
                    },
                    {
                      "type": "string",
                      "value": "h2"
                    },
                    {
                      "type": "string",
                      "value": "h3"
                    },
                    {
                      "type": "string",
                      "value": "h4"
                    },
                    {
                      "type": "string",
                      "value": "blackquote"
                    }
                  ]
                },
                "optional": true
              },
              "listItem": {
                "type": "objectAttribute",
                "value": {
                  "type": "union",
                  "of": [
                    {
                      "type": "string",
                      "value": "bullet"
                    }
                  ]
                },
                "optional": true
              },
              "markDefs": {
                "type": "objectAttribute",
                "value": {
                  "type": "array",
                  "of": {
                    "type": "object",
                    "attributes": {
                      "href": {
                        "type": "objectAttribute",
                        "value": {
                          "type": "string"
                        },
                        "optional": true
                      },
                      "_type": {
                        "type": "objectAttribute",
                        "value": {
                          "type": "string",
                          "value": "link"
                        }
                      }
                    },
                    "rest": {
                      "type": "object",
                      "attributes": {
                        "_key": {
                          "type": "objectAttribute",
                          "value": {
                            "type": "string"
                          }
                        }
                      }
                    }
                  }
                },
                "optional": true
              },
              "level": {
                "type": "objectAttribute",
                "value": {
                  "type": "number"
                },
                "optional": true
              },
              "_type": {
                "type": "objectAttribute",
                "value": {
                  "type": "string",
                  "value": "block"
                }
              }
            },
            "rest": {
              "type": "object",
              "attributes": {
                "_key": {
                  "type": "objectAttribute",
                  "value": {
                    "type": "string"
                  }
                }
              }
            }
          },
          {
            "type": "object",
            "attributes": {
              "asset": {
                "type": "objectAttribute",
                "value": {
                  "type": "object",
                  "attributes": {
                    "_ref": {
                      "type": "objectAttribute",
                      "value": {
                        "type": "string"
                      }
                    },
                    "_type": {
                      "type": "objectAttribute",
                      "value": {
                        "type": "string",
                        "value": "reference"
                      }
                    },
                    "_weak": {
                      "type": "objectAttribute",
                      "value": {
                        "type": "boolean"
                      },
                      "optional": true
                    }
                  },
                  "dereferencesTo": "sanity.imageAsset"
                },
                "optional": true
              },
              "media": {
                "type": "objectAttribute",
                "value": {
                  "type": "unknown"
                },
                "optional": true
              },
              "hotspot": {
                "type": "objectAttribute",
                "value": {
                  "type": "inline",
                  "name": "sanity.imageHotspot"
                },
                "optional": true
              },
              "crop": {
                "type": "objectAttribute",
                "value": {
                  "type": "inline",
                  "name": "sanity.imageCrop"
                },
                "optional": true
              },
              "alt": {
                "type": "objectAttribute",
                "value": {
                  "type": "string"
                },
                "optional": true
              },
              "_type": {
                "type": "objectAttribute",
                "value": {
                  "type": "string",
                  "value": "image"
                }
              }
            },
            "rest": {
              "type": "object",
              "attributes": {
                "_key": {
                  "type": "objectAttribute",
                  "value": {
                    "type": "string"
                  }
                }
              }
            }
          }
        ]
      }
    }
  },
  {
    "name": "address",
    "type": "document",
    "attributes": {
      "_id": {
        "type": "objectAttribute",
        "value": {
          "type": "string"
        }
      },
      "_type": {
        "type": "objectAttribute",
        "value": {
          "type": "string",
          "value": "address"
        }
      },
      "_createdAt": {
        "type": "objectAttribute",
        "value": {
          "type": "string"
        }
      },
      "_updatedAt": {
        "type": "objectAttribute",
        "value": {
          "type": "string"
        }
      },
      "_rev": {
        "type": "objectAttribute",
        "value": {
          "type": "string"
        }
      },
      "name": {
        "type": "objectAttribute",
        "value": {
          "type": "string"
        },
        "optional": true
      },
      "email": {
        "type": "objectAttribute",
        "value": {
          "type": "string"
        },
        "optional": true
      },
      "address": {
        "type": "objectAttribute",
        "value": {
          "type": "string"
        },
        "optional": true
      },
      "city": {
        "type": "objectAttribute",
        "value": {
          "type": "string"
        },
        "optional": true
      },
      "state": {
        "type": "objectAttribute",
        "value": {
          "type": "string"
        },
        "optional": true
      },
      "zip": {
        "type": "objectAttribute",
        "value": {
          "type": "string"
        },
        "optional": true
      },
      "default": {
        "type": "objectAttribute",
        "value": {
          "type": "boolean"
        },
        "optional": true
      },
      "createdAt": {
        "type": "objectAttribute",
        "value": {
          "type": "string"
        },
        "optional": true
      }
    }
  },
  {
    "name": "category",
    "type": "document",
    "attributes": {
      "_id": {
        "type": "objectAttribute",
        "value": {
          "type": "string"
        }
      },
      "_type": {
        "type": "objectAttribute",
        "value": {
          "type": "string",
          "value": "category"
        }
      },
      "_createdAt": {
        "type": "objectAttribute",
        "value": {
          "type": "string"
        }
      },
      "_updatedAt": {
        "type": "objectAttribute",
        "value": {
          "type": "string"
        }
      },
      "_rev": {
        "type": "objectAttribute",
        "value": {
          "type": "string"
        }
      },
      "title": {
        "type": "objectAttribute",
        "value": {
          "type": "string"
        },
        "optional": true
      },
      "slug": {
        "type": "objectAttribute",
        "value": {
          "type": "inline",
          "name": "slug"
        },
        "optional": true
      },
      "image": {
        "type": "objectAttribute",
        "value": {
          "type": "object",
          "attributes": {
            "asset": {
              "type": "objectAttribute",
              "value": {
                "type": "object",
                "attributes": {
                  "_ref": {
                    "type": "objectAttribute",
                    "value": {
                      "type": "string"
                    }
                  },
                  "_type": {
                    "type": "objectAttribute",
                    "value": {
                      "type": "string",
                      "value": "reference"
                    }
                  },
                  "_weak": {
                    "type": "objectAttribute",
                    "value": {
                      "type": "boolean"
                    },
                    "optional": true
                  }
                },
                "dereferencesTo": "sanity.imageAsset"
              },
              "optional": true
            },
            "media": {
              "type": "objectAttribute",
              "value": {
                "type": "unknown"
              },
              "optional": true
            },
            "hotspot": {
              "type": "objectAttribute",
              "value": {
                "type": "inline",
                "name": "sanity.imageHotspot"
              },
              "optional": true
            },
            "crop": {
              "type": "objectAttribute",
              "value": {
                "type": "inline",
                "name": "sanity.imageCrop"
              },
              "optional": true
            },
            "_type": {
              "type": "objectAttribute",
              "value": {
                "type": "string",
                "value": "image"
              }
            }
          }
        },
        "optional": true
      },
      "description": {
        "type": "objectAttribute",
        "value": {
          "type": "string"
        },
        "optional": true
      },
      "range": {
        "type": "objectAttribute",
        "value": {
          "type": "number"
        },
        "optional": true
      },
      "featured": {
        "type": "objectAttribute",
        "value": {
          "type": "boolean"
        },
        "optional": true
      }
    }
  },
  {
    "name": "sanity.imagePaletteSwatch",
    "type": "type",
    "value": {
      "type": "object",
      "attributes": {
        "_type": {
          "type": "objectAttribute",
          "value": {
            "type": "string",
            "value": "sanity.imagePaletteSwatch"
          }
        },
        "background": {
          "type": "objectAttribute",
          "value": {
            "type": "string"
          },
          "optional": true
        },
        "foreground": {
          "type": "objectAttribute",
          "value": {
            "type": "string"
          },
          "optional": true
        },
        "population": {
          "type": "objectAttribute",
          "value": {
            "type": "number"
          },
          "optional": true
        },
        "title": {
          "type": "objectAttribute",
          "value": {
            "type": "string"
          },
          "optional": true
        }
      }
    }
  },
  {
    "name": "sanity.imagePalette",
    "type": "type",
    "value": {
      "type": "object",
      "attributes": {
        "_type": {
          "type": "objectAttribute",
          "value": {
            "type": "string",
            "value": "sanity.imagePalette"
          }
        },
        "darkMuted": {
          "type": "objectAttribute",
          "value": {
            "type": "inline",
            "name": "sanity.imagePaletteSwatch"
          },
          "optional": true
        },
        "lightVibrant": {
          "type": "objectAttribute",
          "value": {
            "type": "inline",
            "name": "sanity.imagePaletteSwatch"
          },
          "optional": true
        },
        "darkVibrant": {
          "type": "objectAttribute",
          "value": {
            "type": "inline",
            "name": "sanity.imagePaletteSwatch"
          },
          "optional": true
        },
        "vibrant": {
          "type": "objectAttribute",
          "value": {
            "type": "inline",
            "name": "sanity.imagePaletteSwatch"
          },
          "optional": true
        },
        "dominant": {
          "type": "objectAttribute",
          "value": {
            "type": "inline",
            "name": "sanity.imagePaletteSwatch"
          },
          "optional": true
        },
        "lightMuted": {
          "type": "objectAttribute",
          "value": {
            "type": "inline",
            "name": "sanity.imagePaletteSwatch"
          },
          "optional": true
        },
        "muted": {
          "type": "objectAttribute",
          "value": {
            "type": "inline",
            "name": "sanity.imagePaletteSwatch"
          },
          "optional": true
        }
      }
    }
  },
  {
    "name": "sanity.imageDimensions",
    "type": "type",
    "value": {
      "type": "object",
      "attributes": {
        "_type": {
          "type": "objectAttribute",
          "value": {
            "type": "string",
            "value": "sanity.imageDimensions"
          }
        },
        "height": {
          "type": "objectAttribute",
          "value": {
            "type": "number"
          },
          "optional": true
        },
        "width": {
          "type": "objectAttribute",
          "value": {
            "type": "number"
          },
          "optional": true
        },
        "aspectRatio": {
          "type": "objectAttribute",
          "value": {
            "type": "number"
          },
          "optional": true
        }
      }
    }
  },
  {
    "name": "sanity.imageHotspot",
    "type": "type",
    "value": {
      "type": "object",
      "attributes": {
        "_type": {
          "type": "objectAttribute",
          "value": {
            "type": "string",
            "value": "sanity.imageHotspot"
          }
        },
        "x": {
          "type": "objectAttribute",
          "value": {
            "type": "number"
          },
          "optional": true
        },
        "y": {
          "type": "objectAttribute",
          "value": {
            "type": "number"
          },
          "optional": true
        },
        "height": {
          "type": "objectAttribute",
          "value": {
            "type": "number"
          },
          "optional": true
        },
        "width": {
          "type": "objectAttribute",
          "value": {
            "type": "number"
          },
          "optional": true
        }
      }
    }
  },
  {
    "name": "sanity.imageCrop",
    "type": "type",
    "value": {
      "type": "object",
      "attributes": {
        "_type": {
          "type": "objectAttribute",
          "value": {
            "type": "string",
            "value": "sanity.imageCrop"
          }
        },
        "top": {
          "type": "objectAttribute",
          "value": {
            "type": "number"
          },
          "optional": true
        },
        "bottom": {
          "type": "objectAttribute",
          "value": {
            "type": "number"
          },
          "optional": true
        },
        "left": {
          "type": "objectAttribute",
          "value": {
            "type": "number"
          },
          "optional": true
        },
        "right": {
          "type": "objectAttribute",
          "value": {
            "type": "number"
          },
          "optional": true
        }
      }
    }
  },
  {
    "name": "sanity.fileAsset",
    "type": "document",
    "attributes": {
      "_id": {
        "type": "objectAttribute",
        "value": {
          "type": "string"
        }
      },
      "_type": {
        "type": "objectAttribute",
        "value": {
          "type": "string",
          "value": "sanity.fileAsset"
        }
      },
      "_createdAt": {
        "type": "objectAttribute",
        "value": {
          "type": "string"
        }
      },
      "_updatedAt": {
        "type": "objectAttribute",
        "value": {
          "type": "string"
        }
      },
      "_rev": {
        "type": "objectAttribute",
        "value": {
          "type": "string"
        }
      },
      "originalFilename": {
        "type": "objectAttribute",
        "value": {
          "type": "string"
        },
        "optional": true
      },
      "label": {
        "type": "objectAttribute",
        "value": {
          "type": "string"
        },
        "optional": true
      },
      "title": {
        "type": "objectAttribute",
        "value": {
          "type": "string"
        },
        "optional": true
      },
      "description": {
        "type": "objectAttribute",
        "value": {
          "type": "string"
        },
        "optional": true
      },
      "altText": {
        "type": "objectAttribute",
        "value": {
          "type": "string"
        },
        "optional": true
      },
      "sha1hash": {
        "type": "objectAttribute",
        "value": {
          "type": "string"
        },
        "optional": true
      },
      "extension": {
        "type": "objectAttribute",
        "value": {
          "type": "string"
        },
        "optional": true
      },
      "mimeType": {
        "type": "objectAttribute",
        "value": {
          "type": "string"
        },
        "optional": true
      },
      "size": {
        "type": "objectAttribute",
        "value": {
          "type": "number"
        },
        "optional": true
      },
      "assetId": {
        "type": "objectAttribute",
        "value": {
          "type": "string"
        },
        "optional": true
      },
      "uploadId": {
        "type": "objectAttribute",
        "value": {
          "type": "string"
        },
        "optional": true
      },
      "path": {
        "type": "objectAttribute",
        "value": {
          "type": "string"
        },
        "optional": true
      },
      "url": {
        "type": "objectAttribute",
        "value": {
          "type": "string"
        },
        "optional": true
      },
      "source": {
        "type": "objectAttribute",
        "value": {
          "type": "inline",
          "name": "sanity.assetSourceData"
        },
        "optional": true
      }
    }
  },
  {
    "name": "sanity.imageAsset",
    "type": "document",
    "attributes": {
      "_id": {
        "type": "objectAttribute",
        "value": {
          "type": "string"
        }
      },
      "_type": {
        "type": "objectAttribute",
        "value": {
          "type": "string",
          "value": "sanity.imageAsset"
        }
      },
      "_createdAt": {
        "type": "objectAttribute",
        "value": {
          "type": "string"
        }
      },
      "_updatedAt": {
        "type": "objectAttribute",
        "value": {
          "type": "string"
        }
      },
      "_rev": {
        "type": "objectAttribute",
        "value": {
          "type": "string"
        }
      },
      "originalFilename": {
        "type": "objectAttribute",
        "value": {
          "type": "string"
        },
        "optional": true
      },
      "label": {
        "type": "objectAttribute",
        "value": {
          "type": "string"
        },
        "optional": true
      },
      "title": {
        "type": "objectAttribute",
        "value": {
          "type": "string"
        },
        "optional": true
      },
      "description": {
        "type": "objectAttribute",
        "value": {
          "type": "string"
        },
        "optional": true
      },
      "altText": {
        "type": "objectAttribute",
        "value": {
          "type": "string"
        },
        "optional": true
      },
      "sha1hash": {
        "type": "objectAttribute",
        "value": {
          "type": "string"
        },
        "optional": true
      },
      "extension": {
        "type": "objectAttribute",
        "value": {
          "type": "string"
        },
        "optional": true
      },
      "mimeType": {
        "type": "objectAttribute",
        "value": {
          "type": "string"
        },
        "optional": true
      },
      "size": {
        "type": "objectAttribute",
        "value": {
          "type": "number"
        },
        "optional": true
      },
      "assetId": {
        "type": "objectAttribute",
        "value": {
          "type": "string"
        },
        "optional": true
      },
      "uploadId": {
        "type": "objectAttribute",
        "value": {
          "type": "string"
        },
        "optional": true
      },
      "path": {
        "type": "objectAttribute",
        "value": {
          "type": "string"
        },
        "optional": true
      },
      "url": {
        "type": "objectAttribute",
        "value": {
          "type": "string"
        },
        "optional": true
      },
      "metadata": {
        "type": "objectAttribute",
        "value": {
          "type": "inline",
          "name": "sanity.imageMetadata"
        },
        "optional": true
      },
      "source": {
        "type": "objectAttribute",
        "value": {
          "type": "inline",
          "name": "sanity.assetSourceData"
        },
        "optional": true
      }
    }
  },
  {
    "name": "sanity.imageMetadata",
    "type": "type",
    "value": {
      "type": "object",
      "attributes": {
        "_type": {
          "type": "objectAttribute",
          "value": {
            "type": "string",
            "value": "sanity.imageMetadata"
          }
        },
        "location": {
          "type": "objectAttribute",
          "value": {
            "type": "inline",
            "name": "geopoint"
          },
          "optional": true
        },
        "dimensions": {
          "type": "objectAttribute",
          "value": {
            "type": "inline",
            "name": "sanity.imageDimensions"
          },
          "optional": true
        },
        "palette": {
          "type": "objectAttribute",
          "value": {
            "type": "inline",
            "name": "sanity.imagePalette"
          },
          "optional": true
        },
        "lqip": {
          "type": "objectAttribute",
          "value": {
            "type": "string"
          },
          "optional": true
        },
        "blurHash": {
          "type": "objectAttribute",
          "value": {
            "type": "string"
          },
          "optional": true
        },
        "hasAlpha": {
          "type": "objectAttribute",
          "value": {
            "type": "boolean"
          },
          "optional": true
        },
        "isOpaque": {
          "type": "objectAttribute",
          "value": {
            "type": "boolean"
          },
          "optional": true
        }
      }
    }
  },
  {
    "name": "geopoint",
    "type": "type",
    "value": {
      "type": "object",
      "attributes": {
        "_type": {
          "type": "objectAttribute",
          "value": {
            "type": "string",
            "value": "geopoint"
          }
        },
        "lat": {
          "type": "objectAttribute",
          "value": {
            "type": "number"
          },
          "optional": true
        },
        "lng": {
          "type": "objectAttribute",
          "value": {
            "type": "number"
          },
          "optional": true
        },
        "alt": {
          "type": "objectAttribute",
          "value": {
            "type": "number"
          },
          "optional": true
        }
      }
    }
  },
  {
    "name": "slug",
    "type": "type",
    "value": {
      "type": "object",
      "attributes": {
        "_type": {
          "type": "objectAttribute",
          "value": {
            "type": "string",
            "value": "slug"
          }
        },
        "current": {
          "type": "objectAttribute",
          "value": {
            "type": "string"
          },
          "optional": true
        },
        "source": {
          "type": "objectAttribute",
          "value": {
            "type": "string"
          },
          "optional": true
        }
      }
    }
  },
  {
    "name": "sanity.assetSourceData",
    "type": "type",
    "value": {
      "type": "object",
      "attributes": {
        "_type": {
          "type": "objectAttribute",
          "value": {
            "type": "string",
            "value": "sanity.assetSourceData"
          }
        },
        "name": {
          "type": "objectAttribute",
          "value": {
            "type": "string"
          },
          "optional": true
        },
        "id": {
          "type": "objectAttribute",
          "value": {
            "type": "string"
          },
          "optional": true
        },
        "url": {
          "type": "objectAttribute",
          "value": {
            "type": "string"
          },
          "optional": true
        }
      }
    }
  }
]
